fecha,nombre,descripcion,peso_entrada,peso_salida,neto,contrato_id,cod_producto_id,cod_bascula_id
2021-07-09,AYUNTAMIENTO DE PALENCIA,RU,24740.0,15840.0,8900.0,2,39,1
2021-07-09,AYUNTAMIENTO DE PALENCIA,RU,25740.0,15680.0,10060.0,2,39,1
2021-07-09,AYUNTAMIENTO DE PALENCIA,RU,24000.0,16100.0,7900.0,2,39,1
2021-07-09,AYUNTAMIENTO DE PALENCIA,RU,26580.0,15660.0,10920.0,2,39,1
2021-07-09,AYUNTAMIENTO DE PALENCIA,RU,22600.0,16120.0,6480.0,2,39,1
2021-07-09,AYUNTAMIENTO DE PALENCIA,RU,23620.0,15820.0,7800.0,2,39,1
2021-07-09,AYUNTAMIENTO DE PALENCIA,RU,14500.0,11020.0,3480.0,2,39,1
2021-07-09,AYUNTAMIENTO DE PALENCIA,RU,13760.0,12780.0,980.0,2,39,1
2021-07-09,AYUNTAMIENTO DE PALENCIA,RU,14580.0,13140.0,1440.0,2,39,1
2021-07-09,AYUNTAMIENTO DE PALENCIA,RU,13860.0,13720.0,140.0,2,39,1
2021-07-09,AYUNTAMIENTO DE PALENCIA,RU,10820.0,9900.0,920.0,2,39,1
2021-07-09,AYUNTAMIENTO DE PALENCIA,RU,14580.0,12340.0,2240.0,2,39,1
2021-07-09,AYUNTAMIENTO DE PALENCIA,RU,21520.0,15900.0,5620.0,2,39,1
2021-07-09,AYUNTAMIENTO DE PALENCIA,RU,7360.0,6820.0,540.0,2,39,1
2021-07-16,AYUNTAMIENTO DE PALENCIA,RU,25760.0,15680.0,10080.0,2,39,1
2021-07-16,AYUNTAMIENTO DE PALENCIA,RU,24480.0,16120.0,8360.0,2,39,1
2021-07-16,AYUNTAMIENTO DE PALENCIA,RU,24420.0,15840.0,8580.0,2,39,1
2021-07-16,AYUNTAMIENTO DE PALENCIA,RU,18120.0,16460.0,1660.0,2,39,1
2021-07-16,AYUNTAMIENTO DE PALENCIA,RU,28620.0,15700.0,12920.0,2,39,1
2021-07-16,AYUNTAMIENTO DE PALENCIA,RU,23900.0,16120.0,7780.0,2,39,1
2021-07-16,AYUNTAMIENTO DE PALENCIA,RU,13520.0,12720.0,800.0,2,39,1
2021-07-16,AYUNTAMIENTO DE PALENCIA,RU,14100.0,13060.0,1040.0,2,39,1
2021-07-16,AYUNTAMIENTO DE PALENCIA,RU,13940.0,13780.0,160.0,2,39,1
2021-07-16,AYUNTAMIENTO DE PALENCIA,RU,17340.0,15840.0,1500.0,2,39,1
2021-07-16,AYUNTAMIENTO DE PALENCIA,RU,10560.0,9780.0,780.0,2,39,1
2021-07-16,AYUNTAMIENTO DE PALENCIA,RU,21020.0,15820.0,5200.0,2,39,1
2021-07-16,AYUNTAMIENTO DE PALENCIA,RU,15320.0,12300.0,3020.0,2,39,1
2021-07-16,AYUNTAMIENTO DE PALENCIA,RU,7340.0,6820.0,520.0,2,39,1
2021-07-23,AYUNTAMIENTO DE PALENCIA,RU,26040.0,15660.0,10380.0,2,39,1
2021-07-23,AYUNTAMIENTO DE PALENCIA,RU,24380.0,15820.0,8560.0,2,39,1
2021-07-23,AYUNTAMIENTO DE PALENCIA,RU,23420.0,16060.0,7360.0,2,39,1
2021-07-23,AYUNTAMIENTO DE PALENCIA,RU,25440.0,15620.0,9820.0,2,39,1
2021-07-23,AYUNTAMIENTO DE PALENCIA,RU,22680.0,16060.0,6620.0,2,39,1
2021-07-23,AYUNTAMIENTO DE PALENCIA,RU,23000.0,15740.0,7260.0,2,39,1
2021-07-23,AYUNTAMIENTO DE PALENCIA,RU,13500.0,12800.0,700.0,2,39,1
2021-07-23,AYUNTAMIENTO DE PALENCIA,RU,14380.0,13120.0,1260.0,2,39,1
2021-07-23,AYUNTAMIENTO DE PALENCIA,RU,14280.0,13700.0,580.0,2,39,1
2021-07-23,AYUNTAMIENTO DE PALENCIA,RU,10480.0,9700.0,780.0,2,39,1
2021-07-23,AYUNTAMIENTO DE PALENCIA,RU,21460.0,15860.0,5600.0,2,39,1
2021-07-23,AYUNTAMIENTO DE PALENCIA,RU,14560.0,12280.0,2280.0,2,39,1
2021-07-23,AYUNTAMIENTO DE PALENCIA,RU,7040.0,6780.0,260.0,2,39,1
2021-07-30,AYUNTAMIENTO DE PALENCIA,RU,24960.0,15860.0,9100.0,2,39,1
2021-07-30,AYUNTAMIENTO DE PALENCIA,RU,25560.0,16160.0,9400.0,2,39,1
2021-07-30,AYUNTAMIENTO DE PALENCIA,RU,24680.0,16100.0,8580.0,2,39,1
2021-07-30,AYUNTAMIENTO DE PALENCIA,RU,21520.0,16100.0,5420.0,2,39,1
2021-07-30,AYUNTAMIENTO DE PALENCIA,RU,25620.0,15800.0,9820.0,2,39,1
2021-07-30,AYUNTAMIENTO DE PALENCIA,RU,25880.0,16100.0,9780.0,2,39,1
2021-07-30,AYUNTAMIENTO DE PALENCIA,RU,14020.0,12840.0,1180.0,2,39,1
2021-07-30,AYUNTAMIENTO DE PALENCIA,RU,14480.0,13180.0,1300.0,2,39,1
2021-07-30,AYUNTAMIENTO DE PALENCIA,RU,13960.0,13740.0,220.0,2,39,1
2021-07-30,AYUNTAMIENTO DE PALENCIA,RU,21300.0,15940.0,5360.0,2,39,1
2021-07-30,AYUNTAMIENTO DE PALENCIA,RU,10520.0,9680.0,840.0,2,39,1
2021-07-30,AYUNTAMIENTO DE PALENCIA,RU,14800.0,12260.0,2540.0,2,39,1
2021-07-30,AYUNTAMIENTO DE PALENCIA,RU,7640.0,6820.0,820.0,2,39,1
2021-08-06,AYUNTAMIENTO DE PALENCIA,RU,24060.0,15780.0,8280.0,2,39,1
2021-08-06,AYUNTAMIENTO DE PALENCIA,RU,25180.0,15640.0,9540.0,2,39,1
2021-08-06,AYUNTAMIENTO DE PALENCIA,RU,24140.0,16080.0,8060.0,2,39,1
2021-08-06,AYUNTAMIENTO DE PALENCIA,RU,24780.0,15600.0,9180.0,2,39,1
2021-08-06,AYUNTAMIENTO DE PALENCIA,RU,22880.0,16100.0,6780.0,2,39,1
2021-08-06,AYUNTAMIENTO DE PALENCIA,RU,22560.0,15760.0,6800.0,2,39,1
2021-08-06,AYUNTAMIENTO DE PALENCIA,RU,13820.0,12720.0,1100.0,2,39,1
2021-08-06,AYUNTAMIENTO DE PALENCIA,RU,14380.0,13060.0,1320.0,2,39,1
2021-08-06,AYUNTAMIENTO DE PALENCIA,RU,14140.0,13660.0,480.0,2,39,1
2021-08-06,AYUNTAMIENTO DE PALENCIA,RU,10640.0,9600.0,1040.0,2,39,1
2021-08-06,AYUNTAMIENTO DE PALENCIA,RU,20680.0,15860.0,4820.0,2,39,1
2021-08-06,AYUNTAMIENTO DE PALENCIA,RU,15240.0,12300.0,2940.0,2,39,1
2021-08-13,AYUNTAMIENTO DE PALENCIA,RU,25360.0,15720.0,9640.0,2,39,1
2021-08-13,AYUNTAMIENTO DE PALENCIA,RU,23880.0,16120.0,7760.0,2,39,1
2021-08-13,AYUNTAMIENTO DE PALENCIA,RU,24400.0,16100.0,8300.0,2,39,1
2021-08-13,AYUNTAMIENTO DE PALENCIA,RU,26120.0,15680.0,10440.0,2,39,1
2021-08-13,AYUNTAMIENTO DE PALENCIA,RU,22960.0,16100.0,6860.0,2,39,1
2021-08-13,AYUNTAMIENTO DE PALENCIA,RU,21300.0,16120.0,5180.0,2,39,1
2021-08-13,AYUNTAMIENTO DE PALENCIA,RU,13780.0,12740.0,1040.0,2,39,1
2021-08-13,AYUNTAMIENTO DE PALENCIA,RU,14340.0,13120.0,1220.0,2,39,1
2021-08-13,AYUNTAMIENTO DE PALENCIA,RU,13080.0,10820.0,2260.0,2,39,1
2021-08-13,AYUNTAMIENTO DE PALENCIA,RU,13860.0,13660.0,200.0,2,39,1
2021-08-13,AYUNTAMIENTO DE PALENCIA,RU,21980.0,15860.0,6120.0,2,39,1
2021-08-13,AYUNTAMIENTO DE PALENCIA,RU,10460.0,9600.0,860.0,2,39,1
2021-08-13,AYUNTAMIENTO DE PALENCIA,RU,14740.0,12400.0,2340.0,2,39,1
2021-08-20,AYUNTAMIENTO DE PALENCIA,RU,23660.0,16120.0,7540.0,2,39,1
2021-08-20,AYUNTAMIENTO DE PALENCIA,RU,25520.0,15640.0,9880.0,2,39,1
2021-08-20,AYUNTAMIENTO DE PALENCIA,RU,23140.0,16020.0,7120.0,2,39,1
2021-08-20,AYUNTAMIENTO DE PALENCIA,RU,22860.0,15840.0,7020.0,2,39,1
2021-08-20,AYUNTAMIENTO DE PALENCIA,RU,25360.0,15620.0,9740.0,2,39,1
2021-08-20,AYUNTAMIENTO DE PALENCIA,RU,22980.0,16080.0,6900.0,2,39,1
2021-08-20,AYUNTAMIENTO DE PALENCIA,RU,13840.0,12780.0,1060.0,2,39,1
2021-08-20,AYUNTAMIENTO DE PALENCIA,RU,14300.0,13120.0,1180.0,2,39,1
2021-08-20,AYUNTAMIENTO DE PALENCIA,RU,14220.0,13680.0,540.0,2,39,1
2021-08-20,AYUNTAMIENTO DE PALENCIA,RU,10560.0,10000.0,560.0,2,39,1
2021-08-20,AYUNTAMIENTO DE PALENCIA,RU,20740.0,15980.0,4760.0,2,39,1
2021-08-20,AYUNTAMIENTO DE PALENCIA,RU,15180.0,12360.0,2820.0,2,39,1
2021-08-20,AYUNTAMIENTO DE PALENCIA,RU,7380.0,6820.0,560.0,2,39,1
2021-08-27,AYUNTAMIENTO DE PALENCIA,RU,25280.0,15860.0,9420.0,2,39,1
2021-08-27,AYUNTAMIENTO DE PALENCIA,RU,25180.0,16280.0,8900.0,2,39,1
2021-08-27,AYUNTAMIENTO DE PALENCIA,RU,24540.0,16080.0,8460.0,2,39,1
2021-08-27,AYUNTAMIENTO DE PALENCIA,RU,21860.0,16060.0,5800.0,2,39,1
2021-08-27,AYUNTAMIENTO DE PALENCIA,RU,24460.0,15820.0,8640.0,2,39,1
2021-08-27,AYUNTAMIENTO DE PALENCIA,RU,25660.0,16080.0,9580.0,2,39,1
2021-08-27,AYUNTAMIENTO DE PALENCIA,RU,13720.0,12720.0,1000.0,2,39,1
2021-08-27,AYUNTAMIENTO DE PALENCIA,RU,14300.0,13040.0,1260.0,2,39,1
2021-08-27,AYUNTAMIENTO DE PALENCIA,RU,13680.0,10920.0,2760.0,2,39,1
2021-08-27,AYUNTAMIENTO DE PALENCIA,RU,13880.0,13740.0,140.0,2,39,1
2021-08-27,AYUNTAMIENTO DE PALENCIA,RU,10800.0,9700.0,1100.0,2,39,1
2021-08-27,AYUNTAMIENTO DE PALENCIA,RU,21680.0,15900.0,5780.0,2,39,1
2021-08-27,AYUNTAMIENTO DE PALENCIA,RU,14400.0,12360.0,2040.0,2,39,1
2021-08-27,AYUNTAMIENTO DE PALENCIA,RU,7460.0,6840.0,620.0,2,39,1
2021-09-03,AYUNTAMIENTO DE PALENCIA,RU,23720.0,15820.0,7900.0,2,39,1
2021-09-03,AYUNTAMIENTO DE PALENCIA,RU,25120.0,15640.0,9480.0,2,39,1
2021-09-03,AYUNTAMIENTO DE PALENCIA,RU,23820.0,16100.0,7720.0,2,39,1
2021-09-03,AYUNTAMIENTO DE PALENCIA,RU,22600.0,15800.0,6800.0,2,39,1
2021-09-03,AYUNTAMIENTO DE PALENCIA,RU,24240.0,15620.0,8620.0,2,39,1
2021-09-03,AYUNTAMIENTO DE PALENCIA,RU,13560.0,12820.0,740.0,2,39,1
2021-09-03,AYUNTAMIENTO DE PALENCIA,RU,13960.0,13180.0,780.0,2,39,1
2021-09-03,AYUNTAMIENTO DE PALENCIA,RU,14400.0,10940.0,3460.0,2,39,1
2021-09-03,AYUNTAMIENTO DE PALENCIA,RU,13800.0,13760.0,40.0,2,39,1
2021-09-03,AYUNTAMIENTO DE PALENCIA,RU,21500.0,15880.0,5620.0,2,39,1
2021-09-03,AYUNTAMIENTO DE PALENCIA,RU,10580.0,9860.0,720.0,2,39,1
2021-09-03,AYUNTAMIENTO DE PALENCIA,RU,15000.0,12420.0,2580.0,2,39,1
2021-09-03,AYUNTAMIENTO DE PALENCIA,RU,7540.0,6840.0,700.0,2,39,1
2021-09-10,AYUNTAMIENTO DE PALENCIA,RU,26900.0,15740.0,11160.0,2,39,1
2021-09-10,AYUNTAMIENTO DE PALENCIA,RU,25740.0,16100.0,9640.0,2,39,1
2021-09-10,AYUNTAMIENTO DE PALENCIA,RU,25480.0,16140.0,9340.0,2,39,1
2021-09-10,AYUNTAMIENTO DE PALENCIA,RU,26060.0,15720.0,10340.0,2,39,1
2021-09-10,AYUNTAMIENTO DE PALENCIA,RU,22040.0,16140.0,5900.0,2,39,1
2021-09-10,AYUNTAMIENTO DE PALENCIA,RU,24420.0,16120.0,8300.0,2,39,1
2021-09-10,AYUNTAMIENTO DE PALENCIA,RU,13700.0,12820.0,880.0,2,39,1
2021-09-10,AYUNTAMIENTO DE PALENCIA,RU,13420.0,10820.0,2600.0,2,39,1
2021-09-10,AYUNTAMIENTO DE PALENCIA,RU,14380.0,13280.0,1100.0,2,39,1
2021-09-10,AYUNTAMIENTO DE PALENCIA,RU,13820.0,13700.0,120.0,2,39,1
2021-09-10,AYUNTAMIENTO DE PALENCIA,RU,11820.0,10360.0,1460.0,2,39,1
2021-09-10,AYUNTAMIENTO DE PALENCIA,RU,21100.0,15820.0,5280.0,2,39,1
2021-09-10,AYUNTAMIENTO DE PALENCIA,RU,14960.0,12400.0,2560.0,2,39,1
2021-09-10,AYUNTAMIENTO DE PALENCIA,RU,7280.0,6820.0,460.0,2,39,1
2021-09-17,AYUNTAMIENTO DE PALENCIA,RU,25420.0,15840.0,9580.0,2,39,1
2021-09-17,AYUNTAMIENTO DE PALENCIA,RU,24180.0,16120.0,8060.0,2,39,1
2021-09-17,AYUNTAMIENTO DE PALENCIA,RU,24080.0,16080.0,8000.0,2,39,1
2021-09-17,AYUNTAMIENTO DE PALENCIA,RU,25580.0,15820.0,9760.0,2,39,1
2021-09-17,AYUNTAMIENTO DE PALENCIA,RU,24940.0,16080.0,8860.0,2,39,1
2021-09-17,AYUNTAMIENTO DE PALENCIA,RU,20940.0,16060.0,4880.0,2,39,1
2021-09-17,AYUNTAMIENTO DE PALENCIA,RU,13700.0,12820.0,880.0,2,39,1
2021-09-17,AYUNTAMIENTO DE PALENCIA,RU,14860.0,13180.0,1680.0,2,39,1
2021-09-17,AYUNTAMIENTO DE PALENCIA,RU,13940.0,13740.0,200.0,2,39,1
2021-09-17,AYUNTAMIENTO DE PALENCIA,RU,12860.0,9740.0,3120.0,2,39,1
2021-09-17,AYUNTAMIENTO DE PALENCIA,RU,21080.0,15880.0,5200.0,2,39,1
2021-09-17,AYUNTAMIENTO DE PALENCIA,RU,14580.0,12360.0,2220.0,2,39,1
2021-09-17,AYUNTAMIENTO DE PALENCIA,RU,6980.0,6860.0,120.0,2,39,1
2021-09-24,AYUNTAMIENTO DE PALENCIA,RU,25760.0,15660.0,10100.0,2,39,1
2021-09-24,AYUNTAMIENTO DE PALENCIA,RU,26260.0,16080.0,10180.0,2,39,1
2021-09-24,AYUNTAMIENTO DE PALENCIA,RU,25520.0,16100.0,9420.0,2,39,1
2021-09-24,AYUNTAMIENTO DE PALENCIA,RU,26280.0,16060.0,10220.0,2,39,1
2021-09-24,AYUNTAMIENTO DE PALENCIA,RU,25400.0,15660.0,9740.0,2,39,1
2021-09-24,AYUNTAMIENTO DE PALENCIA,RU,22260.0,16100.0,6160.0,2,39,1
2021-09-24,AYUNTAMIENTO DE PALENCIA,RU,14260.0,13100.0,1160.0,2,39,1
2021-09-24,AYUNTAMIENTO DE PALENCIA,RU,13800.0,12760.0,1040.0,2,39,1
2021-09-24,AYUNTAMIENTO DE PALENCIA,RU,13940.0,13800.0,140.0,2,39,1
2021-09-24,AYUNTAMIENTO DE PALENCIA,RU,13240.0,9720.0,3520.0,2,39,1
2021-09-24,AYUNTAMIENTO DE PALENCIA,RU,21280.0,15740.0,5540.0,2,39,1
2021-09-24,AYUNTAMIENTO DE PALENCIA,RU,15140.0,12380.0,2760.0,2,39,1
2021-09-24,AYUNTAMIENTO DE PALENCIA,RU,7660.0,6820.0,840.0,2,39,1
2021-10-01,AYUNTAMIENTO DE PALENCIA,RU,25800.0,16140.0,9660.0,2,39,1
2021-10-01,AYUNTAMIENTO DE PALENCIA,RU,26780.0,15780.0,11000.0,2,39,1
2021-10-01,AYUNTAMIENTO DE PALENCIA,RU,25500.0,16140.0,9360.0,2,39,1
2021-10-01,AYUNTAMIENTO DE PALENCIA,RU,23960.0,16100.0,7860.0,2,39,1
2021-10-01,AYUNTAMIENTO DE PALENCIA,RU,25840.0,15720.0,10120.0,2,39,1
2021-10-01,AYUNTAMIENTO DE PALENCIA,RU,24120.0,16100.0,8020.0,2,39,1
2021-10-01,AYUNTAMIENTO DE PALENCIA,RU,13900.0,12820.0,1080.0,2,39,1
2021-10-01,AYUNTAMIENTO DE PALENCIA,RU,14360.0,13160.0,1200.0,2,39,1
2021-10-01,AYUNTAMIENTO DE PALENCIA,RU,14620.0,10880.0,3740.0,2,39,1
2021-10-01,AYUNTAMIENTO DE PALENCIA,RU,21300.0,15720.0,5580.0,2,39,1
2021-10-01,AYUNTAMIENTO DE PALENCIA,RU,14540.0,12340.0,2200.0,2,39,1
2021-10-01,AYUNTAMIENTO DE PALENCIA,RU,11640.0,9840.0,1800.0,2,39,1
2021-10-01,AYUNTAMIENTO DE PALENCIA,RU,13940.0,13740.0,200.0,2,39,1
2021-10-01,AYUNTAMIENTO DE PALENCIA,RU,7380.0,6840.0,540.0,2,39,1
2021-10-08,AYUNTAMIENTO DE PALENCIA,RU,25480.0,16180.0,9300.0,2,39,1
2021-10-08,AYUNTAMIENTO DE PALENCIA,RU,25220.0,16180.0,9040.0,2,39,1
2021-10-08,AYUNTAMIENTO DE PALENCIA,RU,27360.0,15720.0,11640.0,2,39,1
2021-10-08,AYUNTAMIENTO DE PALENCIA,RU,25260.0,16120.0,9140.0,2,39,1
2021-10-08,AYUNTAMIENTO DE PALENCIA,RU,22120.0,16100.0,6020.0,2,39,1
2021-10-08,AYUNTAMIENTO DE PALENCIA,RU,26100.0,15720.0,10380.0,2,39,1
2021-10-08,AYUNTAMIENTO DE PALENCIA,RU,13880.0,12820.0,1060.0,2,39,1
2021-10-08,AYUNTAMIENTO DE PALENCIA,RU,14460.0,13160.0,1300.0,2,39,1
2021-10-08,AYUNTAMIENTO DE PALENCIA,RU,14040.0,10840.0,3200.0,2,39,1
2021-10-08,AYUNTAMIENTO DE PALENCIA,RU,13900.0,13720.0,180.0,2,39,1
2021-10-08,AYUNTAMIENTO DE PALENCIA,RU,11440.0,9720.0,1720.0,2,39,1
2021-10-08,AYUNTAMIENTO DE PALENCIA,RU,21720.0,15880.0,5840.0,2,39,1
2021-10-08,AYUNTAMIENTO DE PALENCIA,RU,15360.0,12400.0,2960.0,2,39,1
2021-10-15,AYUNTAMIENTO DE PALENCIA,RU,25380.0,16120.0,9260.0,2,39,1
2021-10-15,AYUNTAMIENTO DE PALENCIA,RU,26960.0,15720.0,11240.0,2,39,1
2021-10-15,AYUNTAMIENTO DE PALENCIA,RU,24180.0,15840.0,8340.0,2,39,1
2021-10-15,AYUNTAMIENTO DE PALENCIA,RU,23880.0,16120.0,7760.0,2,39,1
2021-10-15,AYUNTAMIENTO DE PALENCIA,RU,24760.0,15700.0,9060.0,2,39,1
2021-10-15,AYUNTAMIENTO DE PALENCIA,RU,23020.0,15840.0,7180.0,2,39,1
2021-10-15,AYUNTAMIENTO DE PALENCIA,RU,13800.0,12860.0,940.0,2,39,1
2021-10-15,AYUNTAMIENTO DE PALENCIA,RU,14040.0,13200.0,840.0,2,39,1
2021-10-15,AYUNTAMIENTO DE PALENCIA,RU,13900.0,13800.0,100.0,2,39,1
2021-10-15,AYUNTAMIENTO DE PALENCIA,RU,10000.0,9560.0,440.0,2,39,1
2021-10-15,AYUNTAMIENTO DE PALENCIA,RU,20900.0,15940.0,4960.0,2,39,1
2021-10-15,AYUNTAMIENTO DE PALENCIA,RU,14960.0,12340.0,2620.0,2,39,1
2021-10-22,AYUNTAMIENTO DE PALENCIA,RU,24640.0,15840.0,8800.0,2,39,1
2021-10-22,AYUNTAMIENTO DE PALENCIA,RU,26360.0,16140.0,10220.0,2,39,1
2021-10-22,AYUNTAMIENTO DE PALENCIA,RU,26620.0,16100.0,10520.0,2,39,1
2021-10-22,AYUNTAMIENTO DE PALENCIA,RU,24820.0,15820.0,9000.0,2,39,1
2021-10-22,AYUNTAMIENTO DE PALENCIA,RU,25900.0,16040.0,9860.0,2,39,1
2021-10-22,AYUNTAMIENTO DE PALENCIA,RU,23360.0,16100.0,7260.0,2,39,1
2021-10-22,AYUNTAMIENTO DE PALENCIA,RU,12680.0,11060.0,1620.0,2,39,1
2021-10-22,AYUNTAMIENTO DE PALENCIA,RU,13700.0,12800.0,900.0,2,39,1
2021-10-22,AYUNTAMIENTO DE PALENCIA,RU,14620.0,13160.0,1460.0,2,39,1
2021-10-22,AYUNTAMIENTO DE PALENCIA,RU,13880.0,13680.0,200.0,2,39,1
2021-10-22,AYUNTAMIENTO DE PALENCIA,RU,10980.0,9620.0,1360.0,2,39,1
2021-10-22,AYUNTAMIENTO DE PALENCIA,RU,20880.0,15920.0,4960.0,2,39,1
2021-10-22,AYUNTAMIENTO DE PALENCIA,RU,14620.0,12040.0,2580.0,2,39,1
2021-10-29,AYUNTAMIENTO DE PALENCIA,RU,26360.0,15760.0,10600.0,2,39,1
2021-10-29,AYUNTAMIENTO DE PALENCIA,RU,25740.0,16080.0,9660.0,2,39,1
2021-10-29,AYUNTAMIENTO DE PALENCIA,RU,24240.0,15900.0,8340.0,2,39,1
2021-10-29,AYUNTAMIENTO DE PALENCIA,RU,23560.0,16080.0,7480.0,2,39,1
2021-10-29,AYUNTAMIENTO DE PALENCIA,RU,26320.0,15760.0,10560.0,2,39,1
2021-10-29,AYUNTAMIENTO DE PALENCIA,RU,23000.0,15860.0,7140.0,2,39,1
2021-10-29,AYUNTAMIENTO DE PALENCIA,RU,13880.0,12820.0,1060.0,2,39,1
2021-10-29,AYUNTAMIENTO DE PALENCIA,RU,14360.0,13140.0,1220.0,2,39,1
2021-10-29,AYUNTAMIENTO DE PALENCIA,RU,13880.0,13760.0,120.0,2,39,1
2021-10-29,AYUNTAMIENTO DE PALENCIA,RU,11520.0,10160.0,1360.0,2,39,1
2021-10-29,AYUNTAMIENTO DE PALENCIA,RU,22540.0,15960.0,6580.0,2,39,1
2021-10-29,AYUNTAMIENTO DE PALENCIA,RU,15820.0,12360.0,3460.0,2,39,1
2021-11-05,AYUNTAMIENTO DE PALENCIA,RU,26260.0,15840.0,10420.0,2,39,1
2021-11-05,AYUNTAMIENTO DE PALENCIA,RU,25340.0,16120.0,9220.0,2,39,1
2021-11-05,AYUNTAMIENTO DE PALENCIA,RU,25140.0,16120.0,9020.0,2,39,1
2021-11-05,AYUNTAMIENTO DE PALENCIA,RU,25800.0,15800.0,10000.0,2,39,1
2021-11-05,AYUNTAMIENTO DE PALENCIA,RU,23240.0,16060.0,7180.0,2,39,1
2021-11-05,AYUNTAMIENTO DE PALENCIA,RU,22580.0,16100.0,6480.0,2,39,1
2021-11-05,AYUNTAMIENTO DE PALENCIA,RU,13880.0,12780.0,1100.0,2,39,1
2021-11-05,AYUNTAMIENTO DE PALENCIA,RU,12220.0,10840.0,1380.0,2,39,1
2021-11-05,AYUNTAMIENTO DE PALENCIA,RU,21460.0,15820.0,5640.0,2,39,1
2021-11-05,AYUNTAMIENTO DE PALENCIA,RU,14420.0,13700.0,720.0,2,39,1
2021-11-05,AYUNTAMIENTO DE PALENCIA,RU,14320.0,13080.0,1240.0,2,39,1
2021-11-05,AYUNTAMIENTO DE PALENCIA,RU,10900.0,9740.0,1160.0,2,39,1
2021-11-05,AYUNTAMIENTO DE PALENCIA,RU,17380.0,12600.0,4780.0,2,39,1
2021-11-05,AYUNTAMIENTO DE PALENCIA,RU,20880.0,15920.0,4960.0,2,39,1
2021-11-05,AYUNTAMIENTO DE PALENCIA,RU,7920.0,6980.0,940.0,2,39,1
2021-11-12,AYUNTAMIENTO DE PALENCIA,RU,26440.0,15680.0,10760.0,2,39,1
2021-11-12,AYUNTAMIENTO DE PALENCIA,RU,24880.0,15940.0,8940.0,2,39,1
2021-11-12,AYUNTAMIENTO DE PALENCIA,RU,25540.0,16120.0,9420.0,2,39,1
2021-11-12,AYUNTAMIENTO DE PALENCIA,RU,25820.0,15640.0,10180.0,2,39,1
2021-11-12,AYUNTAMIENTO DE PALENCIA,RU,24280.0,16100.0,8180.0,2,39,1
2021-11-12,AYUNTAMIENTO DE PALENCIA,RU,13760.0,12820.0,940.0,2,39,1
2021-11-12,AYUNTAMIENTO DE PALENCIA,RU,14760.0,13120.0,1640.0,2,39,1
2021-11-12,AYUNTAMIENTO DE PALENCIA,RU,13280.0,11000.0,2280.0,2,39,1
2021-11-12,AYUNTAMIENTO DE PALENCIA,RU,14020.0,13720.0,300.0,2,39,1
2021-11-12,AYUNTAMIENTO DE PALENCIA,RU,21540.0,15740.0,5800.0,2,39,1
2021-11-12,AYUNTAMIENTO DE PALENCIA,RU,10460.0,9540.0,920.0,2,39,1
2021-11-12,AYUNTAMIENTO DE PALENCIA,RU,14100.0,12440.0,1660.0,2,39,1
2021-11-12,AYUNTAMIENTO DE PALENCIA,RU,7700.0,6860.0,840.0,2,39,1
2021-11-19,AYUNTAMIENTO DE PALENCIA,RU,25960.0,15900.0,10060.0,2,39,1
2021-11-19,AYUNTAMIENTO DE PALENCIA,RU,26700.0,15860.0,10840.0,2,39,1
2021-11-19,AYUNTAMIENTO DE PALENCIA,RU,25940.0,16160.0,9780.0,2,39,1
2021-11-19,AYUNTAMIENTO DE PALENCIA,RU,22680.0,16080.0,6600.0,2,39,1
2021-11-19,AYUNTAMIENTO DE PALENCIA,RU,24400.0,15880.0,8520.0,2,39,1
2021-11-19,AYUNTAMIENTO DE PALENCIA,RU,26600.0,15840.0,10760.0,2,39,1
2021-11-19,AYUNTAMIENTO DE PALENCIA,RU,12320.0,10980.0,1340.0,2,39,1
2021-11-19,AYUNTAMIENTO DE PALENCIA,RU,13820.0,12840.0,980.0,2,39,1
2021-11-19,AYUNTAMIENTO DE PALENCIA,RU,10960.0,10280.0,680.0,2,39,1
2021-11-19,AYUNTAMIENTO DE PALENCIA,RU,14940.0,13180.0,1760.0,2,39,1
2021-11-19,AYUNTAMIENTO DE PALENCIA,RU,13880.0,13800.0,80.0,2,39,1
2021-11-19,AYUNTAMIENTO DE PALENCIA,RU,21100.0,15960.0,5140.0,2,39,1
2021-11-19,AYUNTAMIENTO DE PALENCIA,RU,10620.0,10080.0,540.0,2,39,1
2021-11-19,AYUNTAMIENTO DE PALENCIA,RU,14960.0,12400.0,2560.0,2,39,1
2021-11-26,AYUNTAMIENTO DE PALENCIA,RU,26480.0,16120.0,10360.0,2,39,1
2021-11-26,AYUNTAMIENTO DE PALENCIA,RU,28340.0,15880.0,12460.0,2,39,1
2021-11-26,AYUNTAMIENTO DE PALENCIA,RU,26080.0,15980.0,10100.0,2,39,1
2021-11-26,AYUNTAMIENTO DE PALENCIA,RU,23980.0,15960.0,8020.0,2,39,1
2021-11-26,AYUNTAMIENTO DE PALENCIA,RU,26540.0,15820.0,10720.0,2,39,1
2021-11-26,AYUNTAMIENTO DE PALENCIA,RU,25600.0,16080.0,9520.0,2,39,1
2021-11-26,AYUNTAMIENTO DE PALENCIA,RU,13980.0,12860.0,1120.0,2,39,1
2021-11-26,AYUNTAMIENTO DE PALENCIA,RU,12840.0,10860.0,1980.0,2,39,1
2021-11-26,AYUNTAMIENTO DE PALENCIA,RU,11060.0,9820.0,1240.0,2,39,1
2021-11-26,AYUNTAMIENTO DE PALENCIA,RU,14760.0,13160.0,1600.0,2,39,1
2021-11-26,AYUNTAMIENTO DE PALENCIA,RU,14180.0,13760.0,420.0,2,39,1
2021-11-26,AYUNTAMIENTO DE PALENCIA,RU,10900.0,9620.0,1280.0,2,39,1
2021-11-26,AYUNTAMIENTO DE PALENCIA,RU,21300.0,16000.0,5300.0,2,39,1
2021-11-26,AYUNTAMIENTO DE PALENCIA,RU,15400.0,12380.0,3020.0,2,39,1
2021-11-26,AYUNTAMIENTO DE PALENCIA,RU,7080.0,6820.0,260.0,2,39,1
2021-12-03,AYUNTAMIENTO DE PALENCIA,RU,25320.0,16100.0,9220.0,2,39,1
2021-12-03,AYUNTAMIENTO DE PALENCIA,RU,27260.0,15900.0,11360.0,2,39,1
2021-12-03,AYUNTAMIENTO DE PALENCIA,RU,25980.0,15920.0,10060.0,2,39,1
2021-12-03,AYUNTAMIENTO DE PALENCIA,RU,25860.0,15840.0,10020.0,2,39,1
2021-12-03,AYUNTAMIENTO DE PALENCIA,RU,22780.0,15860.0,6920.0,2,39,1
2021-12-03,AYUNTAMIENTO DE PALENCIA,RU,23140.0,16080.0,7060.0,2,39,1
2021-12-03,AYUNTAMIENTO DE PALENCIA,RU,13960.0,12820.0,1140.0,2,39,1
2021-12-03,AYUNTAMIENTO DE PALENCIA,RU,14300.0,13140.0,1160.0,2,39,1
2021-12-03,AYUNTAMIENTO DE PALENCIA,RU,13920.0,13720.0,200.0,2,39,1
2021-12-03,AYUNTAMIENTO DE PALENCIA,RU,12280.0,11000.0,1280.0,2,39,1
2021-12-03,AYUNTAMIENTO DE PALENCIA,RU,10960.0,10040.0,920.0,2,39,1
2021-12-03,AYUNTAMIENTO DE PALENCIA,RU,21040.0,15960.0,5080.0,2,39,1
2021-12-03,AYUNTAMIENTO DE PALENCIA,RU,14940.0,12560.0,2380.0,2,39,1
2021-12-03,AYUNTAMIENTO DE PALENCIA,RU,14780.0,11980.0,2800.0,2,39,1
2021-12-03,AYUNTAMIENTO DE PALENCIA,RU,7520.0,6920.0,600.0,2,39,1
2021-12-10,AYUNTAMIENTO DE PALENCIA,RU,25880.0,16100.0,9780.0,2,39,1
2021-12-10,AYUNTAMIENTO DE PALENCIA,RU,27460.0,15840.0,11620.0,2,39,1
2021-12-10,AYUNTAMIENTO DE PALENCIA,RU,25040.0,15900.0,9140.0,2,39,1
2021-12-10,AYUNTAMIENTO DE PALENCIA,RU,24340.0,16080.0,8260.0,2,39,1
2021-12-10,AYUNTAMIENTO DE PALENCIA,RU,25620.0,15840.0,9780.0,2,39,1
2021-12-10,AYUNTAMIENTO DE PALENCIA,RU,23120.0,15900.0,7220.0,2,39,1
2021-12-10,AYUNTAMIENTO DE PALENCIA,RU,13660.0,12840.0,820.0,2,39,1
2021-12-10,AYUNTAMIENTO DE PALENCIA,RU,12540.0,10860.0,1680.0,2,39,1
2021-12-10,AYUNTAMIENTO DE PALENCIA,RU,15980.0,13140.0,2840.0,2,39,1
2021-12-10,AYUNTAMIENTO DE PALENCIA,RU,14060.0,13720.0,340.0,2,39,1
2021-12-10,AYUNTAMIENTO DE PALENCIA,RU,10720.0,9820.0,900.0,2,39,1
2021-12-10,AYUNTAMIENTO DE PALENCIA,RU,21320.0,15980.0,5340.0,2,39,1
2021-12-10,AYUNTAMIENTO DE PALENCIA,RU,14940.0,12560.0,2380.0,2,39,1
2021-12-10,AYUNTAMIENTO DE PALENCIA,RU,14160.0,11860.0,2300.0,2,39,1
2021-12-10,AYUNTAMIENTO DE PALENCIA,RU,7680.0,6920.0,760.0,2,39,1
2021-12-17,AYUNTAMIENTO DE PALENCIA,RU,25460.0,16100.0,9360.0,2,39,1
2021-12-17,AYUNTAMIENTO DE PALENCIA,RU,26360.0,15800.0,10560.0,2,39,1
2021-12-17,AYUNTAMIENTO DE PALENCIA,RU,24900.0,15860.0,9040.0,2,39,1
2021-12-17,AYUNTAMIENTO DE PALENCIA,RU,24040.0,15840.0,8200.0,2,39,1
2021-12-17,AYUNTAMIENTO DE PALENCIA,RU,22960.0,16080.0,6880.0,2,39,1
2021-12-17,AYUNTAMIENTO DE PALENCIA,RU,25880.0,15780.0,10100.0,2,39,1
2021-12-17,AYUNTAMIENTO DE PALENCIA,RU,14080.0,12820.0,1260.0,2,39,1
2021-12-17,AYUNTAMIENTO DE PALENCIA,RU,13920.0,13160.0,760.0,2,39,1
2021-12-17,AYUNTAMIENTO DE PALENCIA,RU,13900.0,13700.0,200.0,2,39,1
2021-12-17,AYUNTAMIENTO DE PALENCIA,RU,10760.0,10240.0,520.0,2,39,1
2021-12-17,AYUNTAMIENTO DE PALENCIA,RU,10360.0,9540.0,820.0,2,39,1
2021-12-17,AYUNTAMIENTO DE PALENCIA,RU,21040.0,15920.0,5120.0,2,39,1
2021-12-17,AYUNTAMIENTO DE PALENCIA,RU,13540.0,12100.0,1440.0,2,39,1
2021-12-17,AYUNTAMIENTO DE PALENCIA,RU,10240.0,10140.0,100.0,2,39,1
2021-12-17,AYUNTAMIENTO DE PALENCIA,RU,7880.0,6960.0,920.0,2,39,1
2021-12-24,AYUNTAMIENTO DE PALENCIA,RU,26760.0,16220.0,10540.0,2,39,1
2021-12-24,AYUNTAMIENTO DE PALENCIA,RU,27960.0,15960.0,12000.0,2,39,1
2021-12-24,AYUNTAMIENTO DE PALENCIA,RU,26000.0,15960.0,10040.0,2,39,1
2021-12-24,AYUNTAMIENTO DE PALENCIA,RU,24540.0,15960.0,8580.0,2,39,1
2021-12-24,AYUNTAMIENTO DE PALENCIA,RU,25560.0,16160.0,9400.0,2,39,1
2021-12-24,AYUNTAMIENTO DE PALENCIA,RU,24040.0,15960.0,8080.0,2,39,1
2021-12-24,AYUNTAMIENTO DE PALENCIA,RU,14560.0,12840.0,1720.0,2,39,1
2021-12-24,AYUNTAMIENTO DE PALENCIA,RU,14420.0,13200.0,1220.0,2,39,1
2021-12-24,AYUNTAMIENTO DE PALENCIA,RU,14040.0,10880.0,3160.0,2,39,1
2021-12-24,AYUNTAMIENTO DE PALENCIA,RU,13980.0,13800.0,180.0,2,39,1
2021-12-24,AYUNTAMIENTO DE PALENCIA,RU,21740.0,15960.0,5780.0,2,39,1
2021-12-24,AYUNTAMIENTO DE PALENCIA,RU,10940.0,10300.0,640.0,2,39,1
2021-12-24,AYUNTAMIENTO DE PALENCIA,RU,15460.0,12600.0,2860.0,2,39,1
2021-12-24,AYUNTAMIENTO DE PALENCIA,RU,14460.0,11860.0,2600.0,2,39,1
2021-12-31,AYUNTAMIENTO DE PALENCIA,RU,28160.0,15880.0,12280.0,2,39,1
2021-12-31,AYUNTAMIENTO DE PALENCIA,RU,27080.0,15960.0,11120.0,2,39,1
2021-12-31,AYUNTAMIENTO DE PALENCIA,RU,26380.0,16140.0,10240.0,2,39,1
2021-12-31,AYUNTAMIENTO DE PALENCIA,RU,25920.0,15840.0,10080.0,2,39,1
2021-12-31,AYUNTAMIENTO DE PALENCIA,RU,24320.0,15940.0,8380.0,2,39,1
2021-12-31,AYUNTAMIENTO DE PALENCIA,RU,23800.0,16140.0,7660.0,2,39,1
2021-12-31,AYUNTAMIENTO DE PALENCIA,RU,14280.0,12820.0,1460.0,2,39,1
2021-12-31,AYUNTAMIENTO DE PALENCIA,RU,14380.0,13200.0,1180.0,2,39,1
2021-12-31,AYUNTAMIENTO DE PALENCIA,RU,15320.0,11980.0,3340.0,2,39,1
2021-12-31,AYUNTAMIENTO DE PALENCIA,RU,14000.0,13780.0,220.0,2,39,1
2021-12-31,AYUNTAMIENTO DE PALENCIA,RU,10680.0,10020.0,660.0,2,39,1
2021-12-31,AYUNTAMIENTO DE PALENCIA,RU,21440.0,16000.0,5440.0,2,39,1
2021-12-31,AYUNTAMIENTO DE PALENCIA,RU,15000.0,12600.0,2400.0,2,39,1
2021-12-31,AYUNTAMIENTO DE PALENCIA,RU,13560.0,11960.0,1600.0,2,39,1
2021-12-31,AYUNTAMIENTO DE PALENCIA,RU,7340.0,6900.0,440.0,2,39,1
2022-01-07,AYUNTAMIENTO DE PALENCIA,RU,25660.0,15820.0,9840.0,2,39,1
2022-01-07,AYUNTAMIENTO DE PALENCIA,RU,24760.0,16060.0,8700.0,2,39,1
2022-01-07,AYUNTAMIENTO DE PALENCIA,RU,24720.0,15840.0,8880.0,2,39,1
2022-01-07,AYUNTAMIENTO DE PALENCIA,RU,23200.0,16060.0,7140.0,2,39,1
2022-01-07,AYUNTAMIENTO DE PALENCIA,RU,26140.0,15780.0,10360.0,2,39,1
2022-01-07,AYUNTAMIENTO DE PALENCIA,RU,23220.0,15820.0,7400.0,2,39,1
2022-01-07,AYUNTAMIENTO DE PALENCIA,RU,13680.0,12780.0,900.0,2,39,1
2022-01-07,AYUNTAMIENTO DE PALENCIA,RU,13980.0,13160.0,820.0,2,39,1
2022-01-07,AYUNTAMIENTO DE PALENCIA,RU,16860.0,13660.0,3200.0,2,39,1
2022-01-07,AYUNTAMIENTO DE PALENCIA,RU,14460.0,13160.0,1300.0,2,39,1
2022-01-07,AYUNTAMIENTO DE PALENCIA,RU,22120.0,15960.0,6160.0,2,39,1
2022-01-07,AYUNTAMIENTO DE PALENCIA,RU,15100.0,12560.0,2540.0,2,39,1
2022-01-14,AYUNTAMIENTO DE PALENCIA,RU,26000.0,15860.0,10140.0,2,39,1
2022-01-14,AYUNTAMIENTO DE PALENCIA,RU,25440.0,16120.0,9320.0,2,39,1
2022-01-14,AYUNTAMIENTO DE PALENCIA,RU,25280.0,15840.0,9440.0,2,39,1
2022-01-14,AYUNTAMIENTO DE PALENCIA,RU,22880.0,16100.0,6780.0,2,39,1
2022-01-14,AYUNTAMIENTO DE PALENCIA,RU,25740.0,15780.0,9960.0,2,39,1
2022-01-14,AYUNTAMIENTO DE PALENCIA,RU,23300.0,15820.0,7480.0,2,39,1
2022-01-14,AYUNTAMIENTO DE PALENCIA,RU,13920.0,12820.0,1100.0,2,39,1
2022-01-14,AYUNTAMIENTO DE PALENCIA,RU,14380.0,13140.0,1240.0,2,39,1
2022-01-14,AYUNTAMIENTO DE PALENCIA,RU,13260.0,10860.0,2400.0,2,39,1
2022-01-14,AYUNTAMIENTO DE PALENCIA,RU,13820.0,13740.0,80.0,2,39,1
2022-01-14,AYUNTAMIENTO DE PALENCIA,RU,10520.0,9940.0,580.0,2,39,1
2022-01-14,AYUNTAMIENTO DE PALENCIA,RU,21940.0,15960.0,5980.0,2,39,1
2022-01-14,AYUNTAMIENTO DE PALENCIA,RU,14840.0,12480.0,2360.0,2,39,1
2022-01-14,AYUNTAMIENTO DE PALENCIA,RU,13440.0,12060.0,1380.0,2,39,1
2022-01-14,AYUNTAMIENTO DE PALENCIA,RU,7160.0,6800.0,360.0,2,39,1
2022-01-21,AYUNTAMIENTO DE PALENCIA,RU,25000.0,16100.0,8900.0,2,39,1
2022-01-21,AYUNTAMIENTO DE PALENCIA,RU,25980.0,15860.0,10120.0,2,39,1
2022-01-21,AYUNTAMIENTO DE PALENCIA,RU,24640.0,15660.0,8980.0,2,39,1
2022-01-21,AYUNTAMIENTO DE PALENCIA,RU,23620.0,15640.0,7980.0,2,39,1
2022-01-21,AYUNTAMIENTO DE PALENCIA,RU,23460.0,16120.0,7340.0,2,39,1
2022-01-21,AYUNTAMIENTO DE PALENCIA,RU,24240.0,15820.0,8420.0,2,39,1
2022-01-21,AYUNTAMIENTO DE PALENCIA,RU,13760.0,12820.0,940.0,2,39,1
2022-01-21,AYUNTAMIENTO DE PALENCIA,RU,14220.0,13200.0,1020.0,2,39,1
2022-01-21,AYUNTAMIENTO DE PALENCIA,RU,13980.0,13780.0,200.0,2,39,1
2022-01-21,AYUNTAMIENTO DE PALENCIA,RU,10820.0,10100.0,720.0,2,39,1
2022-01-21,AYUNTAMIENTO DE PALENCIA,RU,20920.0,15920.0,5000.0,2,39,1
2022-01-21,AYUNTAMIENTO DE PALENCIA,RU,13980.0,12460.0,1520.0,2,39,1
2022-01-21,AYUNTAMIENTO DE PALENCIA,RU,13320.0,11900.0,1420.0,2,39,1
2022-01-28,AYUNTAMIENTO DE PALENCIA,RU,26780.0,15840.0,10940.0,2,39,1
2022-01-28,AYUNTAMIENTO DE PALENCIA,RU,25560.0,16160.0,9400.0,2,39,1
2022-01-28,AYUNTAMIENTO DE PALENCIA,RU,24180.0,15880.0,8300.0,2,39,1
2022-01-28,AYUNTAMIENTO DE PALENCIA,RU,25240.0,15800.0,9440.0,2,39,1
2022-01-28,AYUNTAMIENTO DE PALENCIA,RU,22320.0,16120.0,6200.0,2,39,1
2022-01-28,AYUNTAMIENTO DE PALENCIA,RU,23600.0,15860.0,7740.0,2,39,1
2022-01-28,AYUNTAMIENTO DE PALENCIA,RU,13800.0,12860.0,940.0,2,39,1
2022-01-28,AYUNTAMIENTO DE PALENCIA,RU,14440.0,13220.0,1220.0,2,39,1
2022-01-28,AYUNTAMIENTO DE PALENCIA,RU,14620.0,10900.0,3720.0,2,39,1
2022-01-28,AYUNTAMIENTO DE PALENCIA,RU,21220.0,15980.0,5240.0,2,39,1
2022-01-28,AYUNTAMIENTO DE PALENCIA,RU,10960.0,10060.0,900.0,2,39,1
2022-01-28,AYUNTAMIENTO DE PALENCIA,RU,14340.0,12620.0,1720.0,2,39,1
2022-01-28,AYUNTAMIENTO DE PALENCIA,RU,13900.0,13780.0,120.0,2,39,1
2022-01-28,AYUNTAMIENTO DE PALENCIA,RU,13760.0,11980.0,1780.0,2,39,1
2022-01-28,AYUNTAMIENTO DE PALENCIA,RU,7460.0,6980.0,480.0,2,39,1
2022-02-04,AYUNTAMIENTO DE PALENCIA,RU,24500.0,16500.0,8000.0,2,39,1
2022-02-04,AYUNTAMIENTO DE PALENCIA,RU,26750.0,15450.0,11300.0,2,39,1
2022-02-04,AYUNTAMIENTO DE PALENCIA,RU,23790.0,15450.0,8340.0,2,39,1
2022-02-04,AYUNTAMIENTO DE PALENCIA,RU,22890.0,15400.0,7490.0,2,39,1
2022-02-04,AYUNTAMIENTO DE PALENCIA,RU,25600.0,15440.0,10160.0,2,39,1
2022-02-04,AYUNTAMIENTO DE PALENCIA,RU,25000.0,16520.0,8480.0,2,39,1
2022-02-04,AYUNTAMIENTO DE PALENCIA,RU,14280.0,13440.0,840.0,2,39,1
2022-02-04,AYUNTAMIENTO DE PALENCIA,RU,15300.0,12500.0,2800.0,2,39,1
2022-02-04,AYUNTAMIENTO DE PALENCIA,RU,13080.0,12980.0,100.0,2,39,1
2022-02-04,AYUNTAMIENTO DE PALENCIA,RU,9900.0,9440.0,460.0,2,39,1
2022-02-04,AYUNTAMIENTO DE PALENCIA,RU,14060.0,11980.0,2080.0,2,39,1
2022-02-04,AYUNTAMIENTO DE PALENCIA,RU,19980.0,15000.0,4980.0,2,39,1
2022-02-04,AYUNTAMIENTO DE PALENCIA,RU,7400.0,6920.0,480.0,2,39,1
2022-02-11,AYUNTAMIENTO DE PALENCIA,RU,26100.0,15860.0,10240.0,2,39,1
2022-02-11,AYUNTAMIENTO DE PALENCIA,RU,24500.0,15940.0,8560.0,2,39,1
2022-02-11,AYUNTAMIENTO DE PALENCIA,RU,25120.0,16140.0,8980.0,2,39,1
2022-02-11,AYUNTAMIENTO DE PALENCIA,RU,22040.0,16100.0,5940.0,2,39,1
2022-02-11,AYUNTAMIENTO DE PALENCIA,RU,24000.0,15900.0,8100.0,2,39,1
2022-02-11,AYUNTAMIENTO DE PALENCIA,RU,26260.0,15880.0,10380.0,2,39,1
2022-02-11,AYUNTAMIENTO DE PALENCIA,RU,13940.0,12840.0,1100.0,2,39,1
2022-02-11,AYUNTAMIENTO DE PALENCIA,RU,14420.0,13220.0,1200.0,2,39,1
2022-02-11,AYUNTAMIENTO DE PALENCIA,RU,13920.0,13800.0,120.0,2,39,1
2022-02-11,AYUNTAMIENTO DE PALENCIA,RU,7560.0,6760.0,800.0,2,39,1
2022-02-11,AYUNTAMIENTO DE PALENCIA,RU,10840.0,10000.0,840.0,2,39,1
2022-02-11,AYUNTAMIENTO DE PALENCIA,RU,14480.0,12080.0,2400.0,2,39,1
2022-02-11,AYUNTAMIENTO DE PALENCIA,RU,21480.0,15980.0,5500.0,2,39,1
2022-02-11,AYUNTAMIENTO DE PALENCIA,RU,7260.0,6840.0,420.0,2,39,1
2022-02-11,AYUNTAMIENTO DE PALENCIA,RU,7000.0,6840.0,160.0,2,39,1
2022-02-18,AYUNTAMIENTO DE PALENCIA,RU,25440.0,16120.0,9320.0,2,39,1
2022-02-18,AYUNTAMIENTO DE PALENCIA,RU,24840.0,16020.0,8820.0,2,39,1
2022-02-18,AYUNTAMIENTO DE PALENCIA,RU,26380.0,15900.0,10480.0,2,39,1
2022-02-18,AYUNTAMIENTO DE PALENCIA,RU,24280.0,16020.0,8260.0,2,39,1
2022-02-18,AYUNTAMIENTO DE PALENCIA,RU,22980.0,16120.0,6860.0,2,39,1
2022-02-18,AYUNTAMIENTO DE PALENCIA,RU,24020.0,15860.0,8160.0,2,39,1
2022-02-18,AYUNTAMIENTO DE PALENCIA,RU,14480.0,13260.0,1220.0,2,39,1
2022-02-18,AYUNTAMIENTO DE PALENCIA,RU,13940.0,12880.0,1060.0,2,39,1
2022-02-18,AYUNTAMIENTO DE PALENCIA,RU,14060.0,13800.0,260.0,2,39,1
2022-02-18,AYUNTAMIENTO DE PALENCIA,RU,10220.0,9660.0,560.0,2,39,1
2022-02-18,AYUNTAMIENTO DE PALENCIA,RU,21320.0,16100.0,5220.0,2,39,1
2022-02-18,AYUNTAMIENTO DE PALENCIA,RU,14420.0,12020.0,2400.0,2,39,1
2022-02-18,AYUNTAMIENTO DE PALENCIA,RU,7000.0,6840.0,160.0,2,39,1
2022-02-25,AYUNTAMIENTO DE PALENCIA,RU,24840.0,16100.0,8740.0,2,39,1
2022-02-25,AYUNTAMIENTO DE PALENCIA,RU,26060.0,15940.0,10120.0,2,39,1
2022-02-25,AYUNTAMIENTO DE PALENCIA,RU,24920.0,15680.0,9240.0,2,39,1
2022-02-25,AYUNTAMIENTO DE PALENCIA,RU,21940.0,15660.0,6280.0,2,39,1
2022-02-25,AYUNTAMIENTO DE PALENCIA,RU,23300.0,16080.0,7220.0,2,39,1
2022-02-25,AYUNTAMIENTO DE PALENCIA,RU,24720.0,15920.0,8800.0,2,39,1
2022-02-25,AYUNTAMIENTO DE PALENCIA,RU,13720.0,12860.0,860.0,2,39,1
2022-02-25,AYUNTAMIENTO DE PALENCIA,RU,14460.0,13220.0,1240.0,2,39,1
2022-02-25,AYUNTAMIENTO DE PALENCIA,RU,13840.0,13780.0,60.0,2,39,1
2022-02-25,AYUNTAMIENTO DE PALENCIA,RU,11240.0,9940.0,1300.0,2,39,1
2022-02-25,AYUNTAMIENTO DE PALENCIA,RU,14180.0,12520.0,1660.0,2,39,1
2022-02-25,AYUNTAMIENTO DE PALENCIA,RU,21980.0,16040.0,5940.0,2,39,1
2022-02-25,AYUNTAMIENTO DE PALENCIA,RU,7420.0,6860.0,560.0,2,39,1
2022-03-04,AYUNTAMIENTO DE PALENCIA,RU,25760.0,16120.0,9640.0,2,39,1
2022-03-04,AYUNTAMIENTO DE PALENCIA,RU,24740.0,16260.0,8480.0,2,39,1
2022-03-04,AYUNTAMIENTO DE PALENCIA,RU,25880.0,15700.0,10180.0,2,39,1
2022-03-04,AYUNTAMIENTO DE PALENCIA,RU,23060.0,16180.0,6880.0,2,39,1
2022-03-04,AYUNTAMIENTO DE PALENCIA,RU,22520.0,15660.0,6860.0,2,39,1
2022-03-04,AYUNTAMIENTO DE PALENCIA,RU,25160.0,16100.0,9060.0,2,39,1
2022-03-04,AYUNTAMIENTO DE PALENCIA,RU,13860.0,12800.0,1060.0,2,39,1
2022-03-04,AYUNTAMIENTO DE PALENCIA,RU,14440.0,13160.0,1280.0,2,39,1
2022-03-04,AYUNTAMIENTO DE PALENCIA,RU,14540.0,10980.0,3560.0,2,39,1
2022-03-04,AYUNTAMIENTO DE PALENCIA,RU,8280.0,7520.0,760.0,2,39,1
2022-03-04,AYUNTAMIENTO DE PALENCIA,RU,10420.0,9320.0,1100.0,2,39,1
2022-03-04,AYUNTAMIENTO DE PALENCIA,RU,21060.0,16200.0,4860.0,2,39,1
2022-03-04,AYUNTAMIENTO DE PALENCIA,RU,14020.0,13800.0,220.0,2,39,1
2022-03-04,AYUNTAMIENTO DE PALENCIA,RU,14800.0,12620.0,2180.0,2,39,1
2022-03-04,AYUNTAMIENTO DE PALENCIA,RU,20860.0,16220.0,4640.0,2,39,1
2022-03-04,AYUNTAMIENTO DE PALENCIA,RU,7340.0,6960.0,380.0,2,39,1
2022-03-04,AYUNTAMIENTO DE PALENCIA,RU,24160.0,16060.0,8100.0,2,39,1
2022-03-11,AYUNTAMIENTO DE PALENCIA,RU,25000.0,15940.0,9060.0,2,39,1
2022-03-11,AYUNTAMIENTO DE PALENCIA,RU,25380.0,16060.0,9320.0,2,39,1
2022-03-11,AYUNTAMIENTO DE PALENCIA,RU,25040.0,15960.0,9080.0,2,39,1
2022-03-11,AYUNTAMIENTO DE PALENCIA,RU,23020.0,15960.0,7060.0,2,39,1
2022-03-11,AYUNTAMIENTO DE PALENCIA,RU,23700.0,15940.0,7760.0,2,39,1
2022-03-11,AYUNTAMIENTO DE PALENCIA,RU,24780.0,16060.0,8720.0,2,39,1
2022-03-11,AYUNTAMIENTO DE PALENCIA,RU,13880.0,12780.0,1100.0,2,39,1
2022-03-11,AYUNTAMIENTO DE PALENCIA,RU,14500.0,13180.0,1320.0,2,39,1
2022-03-11,AYUNTAMIENTO DE PALENCIA,RU,13920.0,13720.0,200.0,2,39,1
2022-03-11,AYUNTAMIENTO DE PALENCIA,RU,12100.0,10420.0,1680.0,2,39,1
2022-03-11,AYUNTAMIENTO DE PALENCIA,RU,14440.0,12580.0,1860.0,2,39,1
2022-03-11,AYUNTAMIENTO DE PALENCIA,RU,21380.0,15980.0,5400.0,2,39,1
2022-03-11,AYUNTAMIENTO DE PALENCIA,RU,7400.0,6940.0,460.0,2,39,1
2022-03-18,AYUNTAMIENTO DE PALENCIA,RU,25160.0,16140.0,9020.0,2,39,1
2022-03-18,AYUNTAMIENTO DE PALENCIA,RU,26520.0,15940.0,10580.0,2,39,1
2022-03-18,AYUNTAMIENTO DE PALENCIA,RU,24200.0,15960.0,8240.0,2,39,1
2022-03-18,AYUNTAMIENTO DE PALENCIA,RU,24060.0,15880.0,8180.0,2,39,1
2022-03-18,AYUNTAMIENTO DE PALENCIA,RU,23940.0,16100.0,7840.0,2,39,1
2022-03-18,AYUNTAMIENTO DE PALENCIA,RU,23220.0,15980.0,7240.0,2,39,1
2022-03-18,AYUNTAMIENTO DE PALENCIA,RU,13820.0,12800.0,1020.0,2,39,1
2022-03-18,AYUNTAMIENTO DE PALENCIA,RU,14760.0,13160.0,1600.0,2,39,1
2022-03-18,AYUNTAMIENTO DE PALENCIA,RU,13800.0,13720.0,80.0,2,39,1
2022-03-18,AYUNTAMIENTO DE PALENCIA,RU,10160.0,9400.0,760.0,2,39,1
2022-03-18,AYUNTAMIENTO DE PALENCIA,RU,20840.0,15980.0,4860.0,2,39,1
2022-03-18,AYUNTAMIENTO DE PALENCIA,RU,14560.0,12580.0,1980.0,2,39,1
2022-03-18,AYUNTAMIENTO DE PALENCIA,RU,7060.0,6920.0,140.0,2,39,1
2022-03-25,AYUNTAMIENTO DE PALENCIA,RU,25280.0,16040.0,9240.0,2,39,1
2022-03-25,AYUNTAMIENTO DE PALENCIA,RU,26260.0,15880.0,10380.0,2,39,1
2022-03-25,AYUNTAMIENTO DE PALENCIA,RU,24100.0,16140.0,7960.0,2,39,1
2022-03-25,AYUNTAMIENTO DE PALENCIA,RU,25700.0,15880.0,9820.0,2,39,1
2022-03-25,AYUNTAMIENTO DE PALENCIA,RU,23040.0,16040.0,7000.0,2,39,1
2022-03-25,AYUNTAMIENTO DE PALENCIA,RU,22680.0,16120.0,6560.0,2,39,1
2022-03-25,AYUNTAMIENTO DE PALENCIA,RU,13800.0,12820.0,980.0,2,39,1
2022-03-25,AYUNTAMIENTO DE PALENCIA,RU,14480.0,13160.0,1320.0,2,39,1
2022-03-25,AYUNTAMIENTO DE PALENCIA,RU,13880.0,13700.0,180.0,2,39,1
2022-03-25,AYUNTAMIENTO DE PALENCIA,RU,21320.0,16000.0,5320.0,2,39,1
2022-03-25,AYUNTAMIENTO DE PALENCIA,RU,10580.0,9780.0,800.0,2,39,1
2022-03-25,AYUNTAMIENTO DE PALENCIA,RU,14500.0,12540.0,1960.0,2,39,1
2022-03-25,AYUNTAMIENTO DE PALENCIA,RU,7400.0,6920.0,480.0,2,39,1
2022-04-01,AYUNTAMIENTO DE PALENCIA,RU,24480.0,15680.0,8800.0,2,39,1
2022-04-01,AYUNTAMIENTO DE PALENCIA,RU,26320.0,15980.0,10340.0,2,39,1
2022-04-01,AYUNTAMIENTO DE PALENCIA,RU,24380.0,16000.0,8380.0,2,39,1
2022-04-01,AYUNTAMIENTO DE PALENCIA,RU,23360.0,15680.0,7680.0,2,39,1
2022-04-01,AYUNTAMIENTO DE PALENCIA,RU,24660.0,15940.0,8720.0,2,39,1
2022-04-01,AYUNTAMIENTO DE PALENCIA,RU,23500.0,16000.0,7500.0,2,39,1
2022-04-01,AYUNTAMIENTO DE PALENCIA,RU,13780.0,12840.0,940.0,2,39,1
2022-04-01,AYUNTAMIENTO DE PALENCIA,RU,14540.0,13240.0,1300.0,2,39,1
2022-04-01,AYUNTAMIENTO DE PALENCIA,RU,13900.0,13820.0,80.0,2,39,1
2022-04-01,AYUNTAMIENTO DE PALENCIA,RU,10860.0,10100.0,760.0,2,39,1
2022-04-01,AYUNTAMIENTO DE PALENCIA,RU,14680.0,12500.0,2180.0,2,39,1
2022-04-01,AYUNTAMIENTO DE PALENCIA,RU,20440.0,16000.0,4440.0,2,39,1
2022-04-08,AYUNTAMIENTO DE PALENCIA,RU,24800.0,15780.0,9020.0,2,39,1
2022-04-08,AYUNTAMIENTO DE PALENCIA,RU,25620.0,15940.0,9680.0,2,39,1
2022-04-08,AYUNTAMIENTO DE PALENCIA,RU,24460.0,15900.0,8560.0,2,39,1
2022-04-08,AYUNTAMIENTO DE PALENCIA,RU,23620.0,15900.0,7720.0,2,39,1
2022-04-08,AYUNTAMIENTO DE PALENCIA,RU,22560.0,15700.0,6860.0,2,39,1
2022-04-08,AYUNTAMIENTO DE PALENCIA,RU,25780.0,15900.0,9880.0,2,39,1
2022-04-08,AYUNTAMIENTO DE PALENCIA,RU,13980.0,12780.0,1200.0,2,39,1
2022-04-08,AYUNTAMIENTO DE PALENCIA,RU,14140.0,13140.0,1000.0,2,39,1
2022-04-08,AYUNTAMIENTO DE PALENCIA,RU,14000.0,13660.0,340.0,2,39,1
2022-04-08,AYUNTAMIENTO DE PALENCIA,RU,10020.0,9680.0,340.0,2,39,1
2022-04-08,AYUNTAMIENTO DE PALENCIA,RU,20480.0,16020.0,4460.0,2,39,1
2022-04-08,AYUNTAMIENTO DE PALENCIA,RU,14880.0,12560.0,2320.0,2,39,1
2022-04-15,AYUNTAMIENTO DE PALENCIA,RU,24560.0,15700.0,8860.0,2,39,1
2022-04-15,AYUNTAMIENTO DE PALENCIA,RU,25020.0,15760.0,9260.0,2,39,1
2022-04-15,AYUNTAMIENTO DE PALENCIA,RU,23760.0,15940.0,7820.0,2,39,1
2022-04-15,AYUNTAMIENTO DE PALENCIA,RU,23340.0,15640.0,7700.0,2,39,1
2022-04-15,AYUNTAMIENTO DE PALENCIA,RU,24860.0,15720.0,9140.0,2,39,1
2022-04-15,AYUNTAMIENTO DE PALENCIA,RU,22620.0,16000.0,6620.0,2,39,1
2022-04-15,AYUNTAMIENTO DE PALENCIA,RU,17220.0,13680.0,3540.0,2,39,1
2022-04-15,AYUNTAMIENTO DE PALENCIA,RU,14160.0,13200.0,960.0,2,39,1
2022-04-15,AYUNTAMIENTO DE PALENCIA,RU,13680.0,12840.0,840.0,2,39,1
2022-04-15,AYUNTAMIENTO DE PALENCIA,RU,15060.0,12480.0,2580.0,2,39,1
2022-04-22,AYUNTAMIENTO DE PALENCIA,RU,25100.0,15720.0,9380.0,2,39,1
2022-04-22,AYUNTAMIENTO DE PALENCIA,RU,27480.0,15900.0,11580.0,2,39,1
2022-04-22,AYUNTAMIENTO DE PALENCIA,RU,24400.0,15960.0,8440.0,2,39,1
2022-04-22,AYUNTAMIENTO DE PALENCIA,RU,22080.0,15720.0,6360.0,2,39,1
2022-04-22,AYUNTAMIENTO DE PALENCIA,RU,26020.0,15880.0,10140.0,2,39,1
2022-04-22,AYUNTAMIENTO DE PALENCIA,RU,23720.0,16000.0,7720.0,2,39,1
2022-04-22,AYUNTAMIENTO DE PALENCIA,RU,13860.0,12800.0,1060.0,2,39,1
2022-04-22,AYUNTAMIENTO DE PALENCIA,RU,14400.0,13160.0,1240.0,2,39,1
2022-04-22,AYUNTAMIENTO DE PALENCIA,RU,13860.0,13720.0,140.0,2,39,1
2022-04-22,AYUNTAMIENTO DE PALENCIA,RU,10940.0,9980.0,960.0,2,39,1
2022-04-22,AYUNTAMIENTO DE PALENCIA,RU,14740.0,12580.0,2160.0,2,39,1
2022-04-22,AYUNTAMIENTO DE PALENCIA,RU,21000.0,16000.0,5000.0,2,39,1
2022-04-29,AYUNTAMIENTO DE PALENCIA,RU,25040.0,15680.0,9360.0,2,39,1
2022-04-29,AYUNTAMIENTO DE PALENCIA,RU,27140.0,15960.0,11180.0,2,39,1
2022-04-29,AYUNTAMIENTO DE PALENCIA,RU,25080.0,16060.0,9020.0,2,39,1
2022-04-29,AYUNTAMIENTO DE PALENCIA,RU,24080.0,15680.0,8400.0,2,39,1
2022-04-29,AYUNTAMIENTO DE PALENCIA,RU,25460.0,15940.0,9520.0,2,39,1
2022-04-29,AYUNTAMIENTO DE PALENCIA,RU,23220.0,16000.0,7220.0,2,39,1
2022-04-29,AYUNTAMIENTO DE PALENCIA,RU,13880.0,12780.0,1100.0,2,39,1
2022-04-29,AYUNTAMIENTO DE PALENCIA,RU,14520.0,13140.0,1380.0,2,39,1
2022-04-29,AYUNTAMIENTO DE PALENCIA,RU,13880.0,13720.0,160.0,2,39,1
2022-04-29,AYUNTAMIENTO DE PALENCIA,RU,10880.0,9900.0,980.0,2,39,1
2022-04-29,AYUNTAMIENTO DE PALENCIA,RU,21060.0,16080.0,4980.0,2,39,1
2022-04-29,AYUNTAMIENTO DE PALENCIA,RU,15060.0,12580.0,2480.0,2,39,1
2022-05-06,AYUNTAMIENTO DE PALENCIA,RU,26320.0,15980.0,10340.0,2,39,1
2022-05-06,AYUNTAMIENTO DE PALENCIA,RU,25080.0,15680.0,9400.0,2,39,1
2022-05-06,AYUNTAMIENTO DE PALENCIA,RU,25080.0,16000.0,9080.0,2,39,1
2022-05-06,AYUNTAMIENTO DE PALENCIA,RU,24360.0,15940.0,8420.0,2,39,1
2022-05-06,AYUNTAMIENTO DE PALENCIA,RU,22560.0,15680.0,6880.0,2,39,1
2022-05-06,AYUNTAMIENTO DE PALENCIA,RU,26080.0,15940.0,10140.0,2,39,1
2022-05-06,AYUNTAMIENTO DE PALENCIA,RU,13720.0,12800.0,920.0,2,39,1
2022-05-06,AYUNTAMIENTO DE PALENCIA,RU,14420.0,13140.0,1280.0,2,39,1
2022-05-06,AYUNTAMIENTO DE PALENCIA,RU,13860.0,13720.0,140.0,2,39,1
2022-05-06,AYUNTAMIENTO DE PALENCIA,RU,10540.0,9860.0,680.0,2,39,1
2022-05-06,AYUNTAMIENTO DE PALENCIA,RU,15600.0,12560.0,3040.0,2,39,1
2022-05-06,AYUNTAMIENTO DE PALENCIA,RU,21280.0,16000.0,5280.0,2,39,1
